id,name,position,team,total_points,projected_total_points,rank
16460,Adam Thielen,WR,MIN,99.4,3.09,61
3128721,Sony Michel,RB,NE,146.6,9.72,28
16737,Mike Evans,WR,TB,199.2,0.0,12
17359,Damien Williams,RB,KC,126.1,12.19,35
12514,LeSean McCoy,RB,KC,104.6,5.15,42
3043275,Austin Hooper,TE,ATL,154.2,11.53,6
3916387,Lamar Jackson,QB,BAL,415.68,0.0,1
3055899,Harrison Butker,K,KC,162.0,10.59,1
16804,John Brown,WR,BUF,183.82,0.0,20
3116385,Joe Mixon,RB,CIN,207.9,15.54,13
3120348,JuJu Smith-Schuster,WR,PIT,92.2,6.88,66
3125404,Jacob Hollister,TE,SEA,73.4,7.39,23
-16009,Packers D/ST,D/ST,GB,109.0,146.63,17
-16012,Chiefs D/ST,D/ST,KC,143.0,151.14,8
3916148,Tony Pollard,RB,DAL,81.7,4.55,51
4361606,Darwin Thompson,RB,KC,27.6,3.38,89
3921564,Auden Tate,WR,CIN,81.5,0.0,71
3121410,Parris Campbell,WR,IND,29.1,0.0,130
3054850,Alvin Kamara,RB,NO,208.02,15.62,12
2977187,Cooper Kupp,WR,LAR,223.5,9.04,4
3043078,Derrick Henry,RB,TEN,285.6,18.03,3
3051876,Evan Engram,TE,NYG,87.4,0.0,18
3042519,Aaron Jones,RB,GB,290.3,17.56,2
11237,Matt Ryan,QB,ATL,267.34,18.1,11
3116165,Chris Godwin,WR,TB,233.1,0.0,2
13295,Emmanuel Sanders,WR,SF,157.3,10.97,33
3122672,Royce Freeman,RB,DEN,120.7,7.25,39
3128429,Courtland Sutton,WR,DEN,186.42,13.09,19
2980453,Jamaal Williams,RB,GB,126.8,0.0,34
2580,Drew Brees,QB,NO,224.76,20.13,21
-16023,Steelers D/ST,D/ST,PIT,199.0,155.94,2
-16020,Jets D/ST,D/ST,NYJ,146.0,136.29,7
11122,Matt Prater,K,DET,128.0,6.91,8
4527,Jason Witten,TE,DAL,108.4,7.18,12
15966,Chris Thompson,RB,WSH,72.6,8.38,55
4044452,Kaden Smith,TE,NYG,60.3,7.93,36
3045147,James Conner,RB,PIT,128.5,0.0,33
2976212,Stefon Diggs,WR,MIN,180.6,3.79,21
16731,Brandin Cooks,WR,LAR,96.5,8.39,62
2330,Tom Brady,QB,NE,263.68,18.94,12
13981,Mark Ingram II,RB,BAL,229.5,0.0,8
15072,Marvin Jones Jr.,WR,DET,162.9,0.0,27
2976592,Sterling Shepard,WR,NYG,113.3,11.1,50
2979477,Tevin Coleman,RB,SF,124.9,5.38,36
3046439,Hunter Henry,TE,LAC,122.7,9.14,9
3121427,Curtis Samuel,WR,CAR,144.7,9.88,36
-16018,Saints D/ST,D/ST,NO,141.0,131.2,10
15920,Latavius Murray,RB,NO,140.2,8.46,29
14922,Mohamed Sanu Sr.,WR,NE,94.6,7.5,63
3918639,Gerald Everett,TE,LAR,71.3,3.45,26
3124084,Joey Slye,K,CAR,123.0,6.43,11
-16005,Browns D/ST,D/ST,CLE,91.0,131.03,23
14876,Ryan Tannehill,QB,TEN,224.18,18.24,22
3117251,Christian McCaffrey,RB,CAR,413.2,22.55,1
3040151,George Kittle,TE,SF,180.0,16.19,2
3892889,Dede Westbrook,WR,JAX,123.7,8.42,45
3045144,Tyler Boyd,WR,CIN,177.9,10.76,23
3052117,Phillip Lindsay,RB,DEN,180.2,12.81,19
3116365,Mark Andrews,TE,BAL,175.2,0.0,4
4047650,DK Metcalf,WR,SEA,158.1,8.97,32
3066158,Tarik Cohen,RB,CHI,124.4,9.49,37
3049916,Matt Breida,RB,SF,93.8,3.68,45
3918298,Josh Allen,QB,BUF,288.56,0.88,6
2978109,Zach Pascal,WR,IND,114.8,6.45,49
15705,Josh Gordon,WR,SEA,60.2,0.0,89
11923,Stephen Hauschka,K,BUF,101.0,6.13,22
8664,Ryan Fitzpatrick,QB,MIA,241.46,14.33,17
3045523,Kendrick Bourne,WR,SF,82.8,5.87,70
3040035,Greg Ward Jr.,WR,PHI,45.9,10.07,102
-16011,Colts D/ST,D/ST,IND,129.0,133.55,13
15795,DeAndre Hopkins,WR,HOU,216.54,0.0,5
2977644,Todd Gurley II,RB,LAR,203.9,15.77,14
3116593,Dalvin Cook,RB,MIN,265.9,0.0,5
3917315,Kyler Murray,QB,ARI,285.28,17.38,8
16504,Jack Doyle,TE,IND,90.3,6.57,17
14053,Randall Cobb,WR,DAL,127.4,8.4,44
3115394,DJ Chark Jr.,WR,JAX,189.3,10.8,16
3052177,John Ross III,WR,CIN,81.0,8.32,72
-16025,49ers D/ST,D/ST,SF,182.0,142.85,3
3050487,Anthony Miller,WR,CHI,101.5,8.92,58
2969962,Duke Johnson,RB,HOU,132.0,3.27,32
2972460,Breshad Perriman,WR,TB,120.1,11.41,48
3071572,Keelan Cole,WR,JAX,66.7,5.01,86
14322,Dan Bailey,K,MIN,130.0,6.62,7
3051439,Boston Scott,RB,PHI,84.9,8.21,49
3043080,O.J. Howard,TE,TB,66.9,8.96,29
2576336,Ameer Abdullah,RB,MIN,31.8,8.59,83
3128720,Nick Chubb,RB,CLE,237.2,16.18,7
3115364,Leonard Fournette,RB,JAX,221.4,0.0,9
14924,T.Y. Hilton,WR,IND,102.6,10.71,57
15847,Travis Kelce,TE,KC,205.8,14.14,1
16725,Sammy Watkins,WR,KC,112.5,8.45,51
3925357,Calvin Ridley,WR,ATL,165.5,0.0,25
13217,Golden Tate,WR,NYG,127.7,8.7,43
16016,Kenny Stills,WR,HOU,100.1,5.49,60
3912550,Ronald Jones II,RB,TB,150.8,10.47,26
12483,Matthew Stafford,QB,DET,166.56,0.0,29
3135321,Hunter Renfrow,WR,OAK,109.0,8.63,55
3116164,Mike Gesicki,TE,MIA,110.5,8.31,11
2970090,Trey Edmunds,RB,PIT,17.0,0.0,98
3125403,Brian Hill,RB,ATL,62.2,4.12,60
4249087,Matt Gay,K,TB,137.0,7.85,4
-16028,Washington D/ST,D/ST,WSH,83.0,123.8,26
3115293,Kyle Allen,QB,CAR,177.48,0.06,28
2574630,Jeff Driskel,QB,DET,57.6,0.0,38
14881,Russell Wilson,QB,SEA,328.6,18.86,3
2508176,David Johnson,RB,ARI,123.5,3.83,38
12537,Jared Cook,TE,NO,146.0,9.35,7
14993,Greg Zuerlein,K,LAR,120.0,8.75,12
3059915,Kareem Hunt,RB,CLE,82.9,9.56,50
3116406,Tyreek Hill,WR,KC,159.3,13.54,30
-16017,Patriots D/ST,D/ST,NE,242.0,161.79,1
2979843,Kenyan Drake,RB,ARI,189.2,15.03,16
5528,Larry Fitzgerald,WR,ARI,139.9,9.07,37
2574808,Robby Anderson,WR,NYJ,136.3,9.01,39
3042778,Corey Davis,WR,TEN,93.6,6.95,64
8479,Frank Gore,RB,BUF,88.4,1.96,47
16143,Josh Hill,TE,NO,53.1,2.26,39
3128774,Kalen Ballage,RB,MIA,44.8,0.0,75
3843750,Derrius Guice,RB,WSH,53.9,0.0,66
2983209,Chester Rogers,WR,IND,37.7,0.0,112
15825,Le'Veon Bell,RB,NYJ,182.0,14.29,17
2576434,Melvin Gordon,RB,LAC,159.8,13.5,23
13982,Julio Jones,WR,ATL,224.6,16.4,3
3139605,Marlon Mack,RB,IND,174.3,14.01,20
3915416,DJ Moore,WR,CAR,187.0,0.0,18
5529,Philip Rivers,QB,LAC,235.5,13.51,18
13232,Jimmy Graham,TE,GB,81.7,6.33,21
3060022,Jordan Howard,RB,PHI,106.4,5.81,41
2576623,DeVante Parker,WR,MIA,210.2,10.31,7
2578533,Chris Conley,WR,JAX,133.0,7.95,42
4047646,A.J. Brown,WR,TEN,191.1,11.37,15
3821683,Austin Seibert,K,CLE,112.0,8.02,15
4040980,Irv Smith Jr.,TE,MIN,61.1,3.83,35
3052587,Baker Mayfield,QB,CLE,229.18,15.43,20
2969939,Jameis Winston,QB,TB,305.36,18.54,5
4035072,Benny Snell Jr.,RB,PIT,56.4,7.36,65
-16029,Panthers D/ST,D/ST,CAR,89.0,116.52,24
8439,Aaron Rodgers,QB,GB,278.38,18.99,9
4047365,Josh Jacobs,RB,OAK,181.6,0.0,18
15683,Justin Tucker,K,BAL,152.0,6.57,3
2576925,Darren Waller,TE,OAK,176.0,11.42,3
2587819,Tyrell Williams,WR,OAK,122.1,7.49,47
4035538,David Montgomery,RB,CHI,157.9,9.65,25
16790,Jarvis Landry,WR,CLE,195.9,12.14,13
4045163,Miles Sanders,RB,PHI,193.7,14.64,15
3045138,Mike Williams,WR,LAC,136.8,9.29,38
4036348,Michael Gallup,WR,DAL,179.7,10.71,22
10452,Adrian Peterson,RB,WSH,138.5,11.29,30
2577654,DeAndre Washington,RB,OAK,103.9,12.46,43
-16002,Bills D/ST,D/ST,BUF,148.0,133.47,6
2971618,Nelson Agholor,WR,PHI,74.5,0.0,77
3139033,Mike Boone,RB,MIN,48.5,10.8,70
-16026,Seahawks D/ST,D/ST,SEA,109.0,140.25,18
-16001,Falcons D/ST,D/ST,ATL,98.0,133.7,20
3051392,Ezekiel Elliott,RB,DAL,284.7,21.91,4
16733,Odell Beckham Jr.,WR,CLE,164.3,10.55,26
-16003,Bears D/ST,D/ST,CHI,114.0,140.83,15
2573079,Carson Wentz,QB,PHI,275.86,20.59,10
16799,Allen Robinson II,WR,CHI,205.9,12.25,11
10475,Greg Olsen,TE,SEA,97.7,6.19,13
2576716,Jamison Crowder,WR,NYJ,158.7,9.42,31
3052876,Will Fuller V,WR,HOU,109.5,0.0,54
3139925,Rashaad Penny,RB,SEA,71.3,0.0,56
16777,Carlos Hyde,RB,HOU,148.2,2.67,27
3051902,Peyton Barber,RB,TB,108.5,6.44,40
3039707,Mitchell Trubisky,QB,CHI,202.82,14.71,26
2572861,J.D. McKissic,RB,DET,66.8,2.08,57
16763,Jordan Matthews,WR,SF,5.3,0.0,176
17177,Allen Hurns,WR,MIA,67.6,0.0,84
5557,Ben Watson,TE,NE,25.8,3.23,56
3123052,Michael Badgley,K,LAC,61.0,7.65,31
3929630,Saquon Barkley,RB,NYG,218.1,16.99,10
2976499,Amari Cooper,WR,DAL,207.0,12.87,9
3916925,Kerryon Johnson,RB,DET,80.0,9.94,53
2985659,Wil Lutz,K,NO,159.0,8.83,2
15880,Robert Woods,WR,LAR,187.9,13.19,17
-16030,Jaguars D/ST,D/ST,JAX,97.0,123.54,21
15853,Vance McDonald,TE,PIT,64.5,4.72,32
3046779,Jared Goff,QB,LAR,247.52,17.33,13
4241372,Marquise Brown,WR,BAL,123.4,0.0,46
3126486,Deebo Samuel,WR,SF,160.6,10.85,29
17258,Willie Snead IV,WR,BAL,79.6,2.98,73
2573300,Jay Ajayi,RB,PHI,3.0,0.0,132
3916430,Nyheim Hines,RB,IND,95.9,5.72,44
3128390,Allen Lazard,WR,GB,85.3,5.56,68
3121023,Dallas Goedert,TE,PHI,115.7,13.85,10
3115913,Geronimo Allison,WR,GB,58.4,4.13,90
17372,Chris Boswell,K,PIT,124.0,5.39,10
2972091,Jalen Richard,RB,OAK,64.8,7.49,58
12649,Julian Edelman,WR,NE,206.28,13.17,10
3122840,Deshaun Watson,QB,HOU,320.48,0.07,4
2974858,Kenny Golladay,WR,DET,215.5,11.47,6
3068267,Austin Ekeler,RB,LAC,263.0,12.87,6
4048244,Alexander Mattison,RB,MIN,63.4,0.0,59
15971,Rex Burkhead,RB,NE,87.6,9.29,48
3043234,Zane Gonzalez,K,ARI,132.0,7.35,6
2577327,Tyler Lockett,WR,SEA,194.2,11.79,14
14880,Kirk Cousins,QB,MIN,244.42,0.05,15
-16033,Ravens D/ST,D/ST,BAL,170.0,135.98,4
3115378,Russell Gage,WR,ATL,74.3,8.12,78
14054,Kyle Rudolph,TE,MIN,94.2,2.14,14
3122449,James Washington,WR,PIT,111.5,7.82,52
2971573,Ka'imi Fairbairn,K,HOU,105.0,7.23,19
3127211,Patrick Laird,RB,MIA,56.7,8.78,64
3123944,Qadree Ollison,RB,ATL,30.2,1.51,85
14129,Bilal Powell,RB,NYJ,29.7,3.42,86
2976316,Michael Thomas,WR,NO,300.1,20.25,1
16800,Davante Adams,WR,GB,171.2,14.8,24
16944,Devonta Freeman,RB,ATL,168.1,12.2,21
4040761,Devin Singletary,RB,BUF,133.4,0.0,31
4036133,T.J. Hockenson,TE,DET,64.7,0.0,31
4036131,Noah Fant,TE,DEN,91.0,5.78,16
15349,Cole Beasley,WR,BUF,151.3,0.0,34
3116136,Justin Jackson,RB,LAC,26.7,1.03,90
13216,Demaryius Thomas,WR,NYJ,67.3,0.0,85
16760,Jimmy Garoppolo,QB,SF,247.32,17.97,14
15788,Tyler Eifert,TE,CIN,85.1,6.31,20
3043116,Demarcus Robinson,WR,KC,84.9,4.03,69
2579604,Phillip Dorsett II,WR,NE,86.3,1.65,67
-16006,Cowboys D/ST,D/ST,DAL,112.0,138.56,16
16757,Derek Carr,QB,OAK,244.36,13.58,16
2576414,Raheem Mostert,RB,SF,158.2,11.58,24
16339,Brandon McManus,K,DEN,125.0,7.66,9
3139477,Patrick Mahomes,QB,KC,287.04,20.16,7
3919596,Chris Carson,RB,SEA,214.1,0.0,11
15818,Keenan Allen,WR,LAC,209.5,11.57,8
15835,Zach Ertz,TE,PHI,171.6,0.0,5
16913,James White,RB,NE,164.2,10.5,22
2577417,Dak Prescott,QB,DAL,337.78,20.97,2
3895856,Christian Kirk,WR,ARI,134.2,9.59,40
3121422,Terry McLaurin,WR,WSH,162.9,0.0,28
3916945,Darius Slayton,WR,NYG,146.0,10.94,35
11674,Danny Amendola,WR,DET,109.56,7.49,53
3932905,Diontae Johnson,WR,PIT,133.6,8.13,41
2573401,Tyler Higbee,TE,LAR,125.9,10.67,8
9354,Robbie Gould,K,SF,108.0,8.67,18
-16027,Buccaneers D/ST,D/ST,TB,141.0,138.57,11
-16007,Broncos D/ST,D/ST,DEN,103.0,142.24,19
-16016,Vikings D/ST,D/ST,MIN,149.0,132.57,5
-16014,Rams D/ST,D/ST,LAR,143.0,137.7,9
14912,Alshon Jeffery,WR,PHI,100.7,0.0,59
3049899,Younghoe Koo,K,ATL,90.0,8.0,25
-16021,Eagles D/ST,D/ST,PHI,126.0,137.08,14
2578570,Jacoby Brissett,QB,IND,217.18,17.14,23
2998120,Josh Lambo,K,JAX,133.0,8.56,5
13983,A.J. Green,WR,CIN,0.0,0.0,214
3917792,Daniel Jones,QB,NYG,214.98,18.59,24
3116721,Jaylen Samuels,RB,PIT,80.9,7.47,52
-16024,Chargers D/ST,D/ST,LAC,95.0,132.73,22
13934,Antonio Brown,WR,None,14.1,180.72,149
-16010,Titans D/ST,D/ST,TEN,139.0,124.52,12
10636,Mason Crosby,K,GB,113.0,6.36,13
16486,Brett Maher,K,DAL,95.0,22.37,24
2473037,Jason Myers,K,SEA,112.0,8.54,16
3126367,Bo Scarbrough,RB,DET,42.7,4.74,77
14816,Kai Forbath,K,DAL,53.0,9.36,33
10456,Marshawn Lynch,RB,SEA,9.4,7.67,112
16732,Eric Ebron,TE,IND,71.0,0.0,27
9761,Delanie Walker,TE,TEN,44.0,0.0,42
13994,Cam Newton,QB,CAR,16.68,0.0,51
3051738,Marquez Valdes-Scantling,WR,GB,71.1,1.49,79
3123076,David Njoku,TE,CLE,12.6,0.0,82
3912547,Sam Darnold,QB,NYJ,189.16,13.88,27
3051926,Gus Edwards,RB,BAL,89.1,10.69,46
4038524,Gardner Minshew II,QB,JAX,229.24,16.6,19
3050478,Jake Elliott,K,PHI,104.0,6.79,20
11283,DeSean Jackson,WR,PHI,32.4,0.0,124
-16034,Texans D/ST,D/ST,HOU,86.0,129.33,25
2980077,Jonathan Williams,RB,IND,37.9,4.43,80
4035004,Mecole Hardman,WR,KC,106.5,1.88,56
15773,Darren Fells,TE,HOU,93.1,2.14,15
14198,Dion Lewis,RB,TEN,53.8,4.24,67
4039359,Darrell Henderson Jr.,RB,LAR,20.4,0.0,96
9704,Stephen Gostkowski,K,NE,32.0,0.0,36
3924327,Drew Lock,QB,DEN,68.0,16.54,37
3127306,Dante Pettis,WR,SF,29.04,0.0,131
1097,Adam Vinatieri,K,IND,72.0,0.0,29
4047839,N'Keal Harry,WR,NE,33.4,7.08,123
3915823,Keke Coutee,WR,HOU,41.8,7.43,106
4037457,Travis Homer,RB,SEA,22.5,8.0,95
10621,Nick Folk,K,NE,57.0,8.58,32
5536,Ben Roethlisberger,QB,PIT,12.74,0.0,53
3923397,Ryquell Armstead,RB,JAX,44.2,11.41,76
3054212,Jonnu Smith,TE,TEN,87.2,6.09,19
2576491,Adam Humphries,WR,TEN,68.0,0.0,82
3150744,Chase McLaughlin,K,IND,86.0,7.49,27
15887,Ryan Griffin,TE,NYJ,81.0,0.0,22
16974,Trey Burton,TE,CHI,15.4,0.0,75
3915411,Ty Johnson,RB,DET,48.2,2.69,71
3917960,Steven Sims Jr.,WR,WSH,92.5,9.93,65
3119195,Chase Edmonds,RB,ARI,76.8,0.0,54
15826,Giovani Bernard,RB,CIN,53.4,4.19,68
14877,Nick Foles,QB,JAX,37.74,0.06,43
16791,Donte Moncrief,WR,CAR,3.8,0.0,189
-16013,Raiders D/ST,D/ST,OAK,73.0,123.94,28
-16008,Lions D/ST,D/ST,DET,58.0,125.44,29
4038441,Justice Hill,RB,BAL,45.5,7.97,73
3127292,Will Dissly,TE,SEA,62.4,0.0,33
14886,Lamar Miller,RB,HOU,0.0,0.0,154
10453,Ted Ginn Jr.,WR,NO,70.9,4.84,80
17437,Taylor Gabriel,WR,CHI,75.8,0.0,74
14012,Andy Dalton,QB,CIN,203.16,14.3,25
4333,Matt Bryant,K,None,43.0,58.66,34
2570986,Malcolm Brown,RB,LAR,58.1,4.5,62
3116407,Mason Rudolph,QB,PIT,108.8,0.0,30
-16019,Giants D/ST,D/ST,NYG,77.0,122.1,27
17051,Albert Wilson,WR,MIA,67.9,7.5,83
16728,Teddy Bridgewater,QB,NO,90.46,0.07,33
16781,Paul Richardson Jr.,WR,WSH,50.5,0.0,96
5526,Eli Manning,QB,NYG,54.38,0.08,40
15860,Jordan Reed,TE,WSH,0.0,0.0,118
3915399,Preston Williams,WR,MIA,74.8,0.0,75
2977609,Devin Funchess,WR,IND,4.7,0.0,179
3057987,DaeSean Hamilton,WR,DEN,49.7,6.09,98
3115375,Darrel Williams,RB,KC,60.3,0.0,61
14874,Andrew Luck,QB,None,0.0,0.0,66
3123050,Chris Herndon,TE,NYJ,1.2,0.0,110
4040616,Dwayne Haskins Jr.,QB,WSH,76.7,0.0,36
13229,Rob Gronkowski,TE,None,0.0,0.0,119
3045127,Wayne Gallman,RB,NYG,42.7,0.0,78
3068939,Aldrick Rosas,K,NYG,67.0,5.89,30
3930086,Dawson Knox,TE,BUF,65.7,0.0,30
17453,Cameron Brate,TE,TB,73.1,6.82,24
16782,Jerick McKinnon,RB,SF,0.0,0.0,155
3118892,Justin Watson,WR,TB,35.4,9.16,117
-16022,Cardinals D/ST,D/ST,ARI,48.0,129.7,31
3925347,Damien Harris,RB,NE,1.2,0.0,140
3115306,Josh Reynolds,WR,LAR,51.4,3.74,94
3914328,Andy Isabella,WR,ARI,30.9,2.52,127
2971718,Marcus Johnson,WR,IND,48.2,5.17,101
4045305,Ian Thomas,TE,CAR,27.6,3.07,54
2577134,Ty Montgomery,RB,NYJ,25.8,2.77,92
3931397,J.J. Arcega-Whiteside,WR,PHI,27.9,5.86,136
2576980,Marcus Mariota,QB,TEN,85.02,0.07,34
3128451,Tre'Quan Smith,WR,NO,62.4,3.65,88
3123969,Ito Smith,RB,ATL,30.8,0.0,84
3120303,Ross Dwelley,TE,SF,28.6,1.02,53
3051909,Daniel Carlson,K,OAK,90.0,5.04,26
2977800,Alex Erickson,WR,CIN,74.74,6.49,76
3124679,Jason Sanders,K,MIA,108.6,6.13,17
3924365,Hayden Hurst,TE,BAL,61.9,4.9,34
2468609,Taysom Hill,QB,NO,92.7,4.36,32
15965,Dustin Hopkins,K,WSH,103.0,8.69,21
3051891,Jordan Wilkins,RB,IND,50.5,0.0,69
15168,Case Keenum,QB,WSH,103.48,14.98,31
14875,Robert Griffin III,QB,BAL,16.0,10.26,52
3931398,Bryce Love,RB,WSH,0.0,0.0,156
4034949,Eddy Pineiro,K,CHI,98.0,6.05,23
15839,Marquise Goodwin,WR,SF,32.1,0.0,125
3916433,Jakobi Meyers,WR,NE,48.9,2.68,100
3127051,Devlin Hodges,QB,PIT,51.32,11.25,41
3917940,Hakeem Butler,WR,ARI,0.0,0.0,215
3932423,Miles Boykin,WR,BAL,44.3,4.01,103
3128452,Jordan Akins,TE,HOU,71.8,5.28,25
3917846,Mark Walton,RB,MIA,34.5,42.2,81
2983509,Dare Ogunbowale,RB,TB,57.8,4.58,63
3886818,Myles Gaskin,RB,MIA,27.9,0.0,88
3116188,David Blough,QB,DET,54.86,13.8,39
3059722,Zay Jones,WR,OAK,35.4,3.62,118
3115328,Jalen Hurd,WR,SF,0.0,0.0,216
9592,Vernon Davis,TE,WSH,23.3,0.0,62
3115252,Will Grier,QB,CAR,1.32,12.87,60
-16004,Bengals D/ST,D/ST,CIN,57.0,129.89,30
11252,Joe Flacco,QB,DEN,84.88,0.0,35
3917067,Bisi Johnson,WR,MIN,63.5,5.3,87
3115365,Trey Quinn,WR,WSH,38.8,0.0,110
12731,Ryan Succop,K,TEN,22.0,0.0,39
3124537,KeeSean Johnson,WR,ARI,35.5,0.0,116
-16015,Dolphins D/ST,D/ST,MIA,42.0,121.98,32
16040,C.J. Anderson,RB,DET,4.3,83.48,126
2976516,T.J. Yeldon,RB,BUF,23.2,9.77,94
2991767,Blake Jarwin,TE,DAL,70.0,3.38,28
8461,Mike Nugent,K,None,27.0,63.4,37
13215,Dez Bryant,WR,None,0.0,0.0,217
3917962,Jace Sternberger,TE,GB,0.0,1.01,120
4036163,Kelvin Harmon,WR,WSH,51.94,8.12,93
3042876,Ryan Finley,QB,CIN,24.66,0.06,47
3116642,Reggie Bonnafon,RB,CAR,26.3,1.21,91
3886377,Josh Rosen,QB,MIA,17.98,0.06,49
3025433,Mike Davis,RB,CAR,8.4,0.0,117
12477,Brian Hoyer,QB,IND,21.08,0.07,48
2577641,Jakeem Grant,WR,MIA,36.4,0.0,114
4212909,David Moore,WR,SEA,51.1,5.76,95
3126246,Dontrell Hilliard,RB,CLE,32.1,0.0,82
3042910,Rashard Higgins,WR,CLE,13.5,0.0,151
3892775,Jarrett Stidham,QB,NE,-1.64,0.08,131
3122976,Jeff Wilson Jr.,RB,SF,45.4,0.0,74
8544,Darren Sproles,RB,PHI,14.0,0.0,101
3915097,Antonio Callaway,WR,CLE,12.9,6.03,152
16787,Marqise Lee,WR,JAX,3.4,0.0,193
16899,Quincy Enunwa,WR,NYJ,-1.9,0.0,406
16810,AJ McCarron,QB,HOU,16.9,16.41,50
2574511,Brandon Allen,QB,DEN,32.5,0.07,45
11128,Matt Moore,QB,KC,42.26,0.07,42
3134353,Tim Patrick,WR,DEN,29.8,6.85,129
3125116,D'Onta Foreman,RB,None,0.0,0.0,157
3728254,Deon Cain,WR,PIT,16.9,1.49,146
3932449,Dexter Williams,RB,GB,1.1,2.6,142
15994,Theo Riddick,RB,DEN,0.0,0.0,158
2574591,Nick Boyle,TE,BAL,59.6,3.3,37
12563,Michael Crabtree,WR,ARI,4.2,50.71,185
2980148,C.J. Prosise,RB,SEA,23.8,0.0,93
4035015,Riley Ridley,WR,CHI,9.9,0.9,162
3051806,Ricky Seals-Jones,TE,CLE,51.9,2.76,40
3054845,Robert Foster,WR,BUF,10.8,8.89,159
15807,Cordarrelle Patterson,WR,CHI,30.1,2.39,128
16172,Jaron Brown,WR,SEA,40.0,4.62,109
2576019,Josh Doctson,WR,NYJ,0.0,1.08,218
15091,Randy Bullock,K,CIN,113.0,8.53,14
2582139,Sam Ficken,K,NYJ,85.0,6.6,28
2580216,DeAndre Carter,WR,HOU,19.7,9.02,142
3843945,Foster Moreau,TE,OAK,57.9,0.0,38
17133,Isaiah Crowell,RB,OAK,0.0,0.0,159
3932442,Equanimeous St. Brown,WR,GB,0.0,0.0,219
3118954,Jaeden Graham,TE,ATL,25.4,0.0,58
15478,Brandon Bolden,RB,NE,46.4,0.26,72
14163,Tyrod Taylor,QB,LAC,6.02,0.22,56
3085107,Jake Kumerow,WR,GB,33.9,2.07,121
14001,Colin Kaepernick,QB,None,0.0,0,67
16020,Spencer Ware,RB,KC,9.8,0.0,110
3921690,Josh Oliver,TE,JAX,3.0,0.0,102
15921,Kenjon Barner,RB,ATL,12.12,1.07,106
16793,Cody Latimer,WR,NYG,54.0,3.54,92
3122866,Devontae Booker,RB,DEN,9.6,1.41,111
3705353,Rodney Anderson,RB,CIN,0.0,0.0,160
16002,Kyle Juszczyk,RB,SF,40.6,2.92,79
3915115,Jordan Scarlett,RB,CAR,0.9,0.0,145
2982828,Tajae Sharpe,WR,TEN,69.4,6.14,81
3122799,Jonathan Hilliman,RB,NYG,6.7,0.0,123
4035222,Trayveon Williams,RB,CIN,0.0,0.0,161
2577667,Damiere Byrd,WR,ARI,55.9,4.36,91
3115315,Duke Williams,WR,BUF,28.6,7.77,135
4036416,Byron Pringle,WR,KC,29.0,0.01,132
2576179,Matt LaCosse,TE,NE,25.6,2.76,57
14221,Doug Baldwin,WR,None,0.0,0.0,220
2980073,Jeremy Sprinkle,TE,WSH,43.1,4.89,43
3042429,Wendell Smallwood,RB,WSH,19.0,0.37,97
15786,Tavon Austin,WR,DAL,40.9,2.09,107
2574576,C.J. Uzomah,TE,CIN,49.7,3.38,41
2975417,Patrick Ricard,DT,BAL,14.7,0.11,1
14402,Chris Hogan,WR,CAR,10.7,4.79,160
15003,Rhett Ellison,TE,NYG,31.7,0.0,49
15062,Travis Benjamin,WR,LAC,6.0,0.0,172
12460,Graham Gano,K,CAR,0.0,0.0,42
2979590,Jesse James,TE,DET,22.2,3.29,63
2582324,Ty Long,K,LAC,34.0,0.0,35
8416,Alex Smith,QB,WSH,0.0,0.0,68
3045260,Corey Clement,RB,PHI,-4.0,0.0,277
12471,Chase Daniel,QB,CHI,26.0,0.06,46
2576395,Devin Smith,WR,DAL,19.8,0.0,141
3046409,Alex Collins,RB,BAL,0.0,0.0,162
2508079,James O'Shaughnessy,TE,JAX,34.3,0.0,46
16121,Luke Willson,TE,SEA,11.9,1.73,84
3040569,Trent Taylor,WR,SF,0.0,0.0,221
3045225,Jake Butt,TE,DEN,0.0,0.0,121
2576399,Nick Vannett,TE,PIT,25.1,1.11,59
3059989,Nick Mullens,QB,SF,-0.3,0.07,127
2971888,Kenneth Dixon,RB,NYJ,0.0,0.0,163
2575965,Elijhaa Penny,RB,NYG,11.8,1.2,107
16318,Demetrius Harris,TE,CHI,40.4,2.87,44
3051889,Laquon Treadwell,WR,MIN,28.9,4.78,134
4035379,Jordan Thomas,TE,HOU,1.3,5.07,109
3124069,Isaiah Ford,WR,MIA,37.0,6.63,113
15245,Giorgio Tavecchio,K,None,0.0,0.0,43
14894,Robert Turbin,RB,SEA,0.0,3.6,164
14145,Charles Clay,TE,ARI,38.7,2.58,45
16921,Alfred Blue,RB,JAX,0.0,0.0,165
16724,Blake Bortles,QB,LAR,-0.78,0.07,129
2972283,Tra Carson,RB,DET,8.6,0.0,115
3042494,Elijah McGuire,RB,KC,0.0,0.0,166
4411193,Deonte Harris,WR,NO,12.5,1.5,154
14918,Jarius Wright,WR,CAR,42.9,5.85,105
2978929,Corey Coleman,WR,NYG,0.0,0.0,222
3916071,Gary Jennings,WR,MIA,0.0,0.0,223
3933327,Kahale Warring,TE,HOU,0.0,0.0,122
5615,Matt Schaub,QB,ATL,32.9,0.07,44
17082,Cody Parkey,K,TEN,18.0,52.09,40
3128724,Isaiah McKenzie,WR,BUF,49.8,7.44,97
3122899,Richie James Jr.,WR,SF,23.4,0.23,140
16845,Ryan Grant,WR,GB,3.4,0.0,194
3046704,Geoff Swaim,TE,JAX,13.0,0.0,80
14885,Doug Martin,RB,None,0.0,0.0,167
3048897,Pharoh Cooper,WR,ARI,43.0,3.97,104
15009,Alfred Morris,RB,ARI,0.4,2.64,152
16813,Logan Thomas,TE,DET,31.3,4.68,50
3039725,Ryan Switzer,WR,PIT,6.7,0.0,171
2972236,Nathan Peterman,QB,OAK,0.0,0.0,69
3155188,Vyncint Smith,WR,NYJ,40.2,6.47,108
3699935,Devine Ozigbo,RB,JAX,6.5,6.21,124
17427,Cairo Santos,K,TEN,23.0,71.6,38
3059760,Taywan Taylor,WR,CLE,0.0,0.0,224
15848,Eddie Lacy,RB,None,0.0,0.0,168
17402,Seth Roberts,WR,BAL,49.6,2.52,99
14269,Dontrelle Inman,WR,IND,24.1,3.46,139
3047968,Chad Beebe,WR,MIN,8.0,0.0,166
3914397,Scotty Miller,WR,TB,34.1,0.0,120
2577253,Javorius Allen,RB,NYG,11.0,0.67,109
3120980,Keelan Doss,WR,OAK,18.8,0.0,144
16886,Martavis Bryant,WR,None,0.0,0.0,225
15428,Jermaine Kearse,WR,DET,0.0,0.0,226
11270,Jordy Nelson,WR,None,0.0,0.0,227
2998565,Mo Alie-Cox,TE,IND,13.3,2.26,79
2573343,Trevor Davis,WR,MIA,24.4,1.39,138
4035019,Javon Wims,WR,CHI,33.6,6.05,122
4035102,Damarea Crockett,RB,GB,0.0,0.0,169
4198676,Adam Shaheen,TE,CHI,11.9,0.0,85
4012556,C.J. Ham,RB,MIN,29.1,3.17,87
9597,Jay Cutler,QB,None,0.0,0.0,70
5362,Antonio Gates,TE,None,0.0,0.0,123
3122154,Khari Blasingame,RB,TEN,7.4,1.09,120
3919104,Kerrith Whyte,RB,PIT,13.6,2.83,102
13213,LeGarrette Blount,RB,None,0.0,0.0,170
2148,Sebastian Janikowski,K,None,0.0,0.0,44
9705,Brandon Marshall,WR,None,0.0,0.0,228
3068715,Kaare Vedvik,P,BUF,-1.0,116.54,1
2977698,Glenn Gronkowski,RB,None,0.0,0.0,171
3116389,Samaje Perine,RB,MIA,1.6,1.29,137
2991662,Mack Hollins,WR,MIA,17.5,2.54,145
16730,Kelvin Benjamin,WR,None,0.0,0.0,229
3049698,Anthony Firkser,TE,TEN,33.4,3.53,48
3917914,Olamide Zaccheaus,WR,ATL,19.0,1.67,143
13199,Colt McCoy,QB,WSH,4.28,0.06,58
16995,Bennie Fowler,WR,NYG,34.8,0.0,119
2515759,J.J. Nelson,WR,OAK,11.6,9.49,157
3060919,Wes Hills,RB,DET,15.2,0.0,99
3115928,Malik Turner,WR,SEA,38.0,0.0,111
3932420,Josh Adams,RB,NYJ,1.2,0.0,141
3975763,Greg Joseph,K,TEN,9.0,6.94,41
13226,Andre Roberts,WR,BUF,4.2,0.0,186
12482,Mark Sanchez,QB,None,0.0,0.0,71
2582410,Tyler Kroft,TE,BUF,16.1,3.34,74
11307,Jamaal Charles,RB,None,0.0,0.0,172
2576389,Jeff Heuerman,TE,DEN,24.4,2.24,60
4261020,Trenton Cannon,RB,NYJ,0.0,0.0,173
3122716,Buddy Howell,RB,HOU,1.0,7.47,143
3116172,Trace McSorley,QB,BAL,0.1,2.61,64
3127310,Drew Sample,TE,CIN,5.5,0.0,95
4241723,Damion Willis,WR,CIN,12.7,0.0,153
3609,Josh McCown,QB,PHI,0.76,0.08,61
2517017,Sean Mannion,QB,MIN,-1.46,12.15,130
15948,Matt Barkley,QB,BUF,5.96,11.82,57
3123075,Braxton Berrios,WR,NYJ,12.5,1.81,155
2520698,Cameron Meredith,WR,NE,0.0,0.0,230
2576804,Nick O'Leary,TE,JAX,23.4,1.47,61
4212989,Dan Arnold,TE,ARI,28.7,2.82,52
4039057,Lil'Jordan Humphrey,WR,NO,0.0,0.0,231
2977665,Chad Kelly,QB,IND,0.0,0.0,72
3120590,Easton Stick,QB,LAC,0.0,0.0,73
3915381,John Kelly,RB,LAR,0.9,0.0,146
2566659,Seth DeValve,TE,JAX,20.0,5.39,68
14851,Terrelle Pryor Sr.,WR,None,0.0,0.0,232
2521161,Zach Zenner,RB,MIA,2.7,5.99,133
14085,Virgil Green,TE,LAC,18.3,0.88,70
2514206,Blake Bell,TE,KC,10.7,2.48,87
3126002,Christian Blake,WR,ATL,14.6,5.68,147
3122920,Ryan Izzo,TE,NE,20.4,0.0,65
9614,Marcedes Lewis,TE,GB,29.1,1.99,51
2578377,Josh Perkins,TE,PHI,19.2,5.01,69
2577189,Brett Hundley,QB,ARI,6.06,0.23,55
2576581,Chris Moore,WR,BAL,3.6,3.78,192
11258,Chris Johnson,RB,None,0.0,0.0,174
2975674,Robert Tonyan,TE,GB,21.0,2.06,64
3002265,Dwayne Washington,RB,NO,7.1,0.0,122
3134448,Tremon Smith,RB,PHI,0.0,0.58,175
16140,Ryan Griffin,QB,TB,0.62,0.08,62
3129302,DeShone Kizer,QB,OAK,0.0,0.05,74
2973405,Kalif Raymond,WR,TEN,25.0,0.0,137
3940587,Jesper Horsted,TE,CHI,16.7,2.68,72
11278,Matt Forte,RB,None,0.0,0.0,176
4035006,Elijah Holyfield,RB,PHI,0.0,0.0,177
15058,Blair Walsh,K,None,0.0,0.0,45
15893,Andre Ellington,RB,None,0.0,0.0,178
11439,Pierre Garcon,WR,None,0.0,0.0,233
15864,Geno Smith,QB,SEA,0.0,0.07,75
2573974,Tyler Ervin,RB,GB,3.1,4.09,131
13197,Sam Bradford,QB,None,0.0,0.0,76
13272,Ed Dickson,TE,SEA,0.0,0.0,124
4420894,Christian Wade,RB,BUF,0.0,0.0,179
3120588,Darrius Shepherd,WR,GB,-1.4,1.46,404
14099,Luke Stocker,TE,ATL,9.3,1.52,90
2970726,Maxx Williams,TE,ARI,33.7,2.27,47
2578718,Taylor Bertolet,K,None,0.0,0.0,46
12601,Mike Wallace,WR,None,0.0,0.0,234
9329,Nick Novak,K,None,0.0,0.0,47
3044720,Joshua Dobbs,QB,JAX,0.0,0.0,77
3123986,Mike Thomas,WR,LAR,2.4,0.18,202
3045169,Tim Boyle,QB,GB,-0.1,0.08,126
14005,DeMarco Murray,RB,None,0.0,0.0,180
3122168,Trent Sherfield,WR,ARI,10.0,0.0,161
2518678,Justin Hardy,WR,ATL,29.0,1.61,133
2511109,Trevor Siemian,QB,NYJ,0.12,0.0,63
3895857,Damion Ratley,WR,CLE,32.0,3.22,126
3046401,Keith Kirkwood,WR,NO,0.0,0.0,235
2512197,Rod Smith,RB,OAK,0.0,0.28,181
2969241,Ben Braunecker,TE,CHI,14.9,0.0,77
3043097,Cameron Artis-Payne,RB,None,0.0,0.0,182
3042373,Robert Davis,WR,PHI,2.7,3.41,199
14135,Anthony Sherman,RB,KC,4.1,0.56,128
3843603,Jazz Ferguson,WR,None,0.0,0.0,236
4424106,Gunner Olszewski,WR,NE,2.4,0.0,203
3039723,T.J. Logan,RB,TB,3.3,0.0,130
2972515,Cooper Rush,QB,DAL,0.0,0.07,78
3052061,Luke Falk,QB,NYJ,8.64,0.77,54
3117256,Dalton Schultz,TE,DAL,1.1,0.52,111
3933064,John Ursua,WR,SEA,1.6,0.0,207
16795,Austin Seferian-Jenkins,TE,None,0.0,0.0,125
3728262,Ray-Ray McCloud,WR,BUF,-2.0,6.17,407
14032,Torrey Smith,WR,None,0.0,0.0,237
3915536,Mike Weber,RB,KC,0.0,0.0,183
3929927,Karan Higdon,RB,HOU,0.0,0.0,184
16945,De'Anthony Thomas,WR,BAL,1.6,3.32,208
3699902,Stanley Morgan,WR,CIN,3.3,0.0,195
16227,Russell Shepard,WR,NYG,4.0,0.0,188
3139602,D'Ernest Johnson,RB,CLE,12.2,0.56,105
2971589,Paul Perkins,RB,DET,4.3,18.32,127
16880,TJ Jones,WR,NYG,11.3,0.85,158
2979520,C.J. Beathard,QB,SF,0.0,0.0,79
13387,Michael Hoomanawanui,TE,None,0.0,0.0,126
2519013,Daniel Brown,TE,NYJ,16.7,3.43,73
2974365,Danny Vitale,RB,GB,13.5,0.0,103
1440,Phil Dawson,K,None,0.0,0.0,48
11788,Danny Woodhead,RB,None,0.0,0.0,185
13203,C.J. Spiller,RB,None,0.0,0.0,186
4061956,Ashton Dulin,WR,IND,2.7,0.42,200
3128317,Juwann Winfree,WR,DEN,0.0,0.0,238
17463,Diontae Spencer,WR,DEN,4.7,0.08,180
2576450,Derek Watt,RB,LAC,11.7,0.26,108
3042435,Kevin White,WR,None,0.0,0.0,239
2578369,Marvin Hall,WR,DET,36.3,0.0,115
9639,Anthony Fasano,TE,None,0.0,0.0,127
2970262,J.P. Holtz,TE,CHI,12.6,1.32,83
17130,Travis Coons,K,None,0.0,0.0,49
4459,Carson Palmer,QB,None,0.0,0.0,80
13587,Chris Ivory,RB,None,0.0,0.0,187
2978887,Roberto Aguayo,K,None,0.0,0.0,50
2979501,Nate Sudfeld,QB,PHI,0.0,0.0,81
3929924,Zach Gentry,TE,PIT,0.9,0.0,114
2983319,Troymaine Pope,RB,LAC,8.4,0.02,118
15102,Rishard Matthews,WR,None,0.0,0.0,240
3045141,Chris Blewitt,K,None,0.0,0.0,51
12576,Brandon LaFell,WR,None,0.0,0.0,241
3930901,Bruce Anderson,RB,IND,0.0,0.0,188
13940,James Develin,RB,NE,0.3,0.0,153
16803,Jeremy Hill,RB,None,0.0,0.0,189
3127335,Ryan Nall,RB,CHI,0.8,0.0,149
2969896,Max McCaffrey,WR,None,0.0,0.0,242
3051857,J'Mon Moore,WR,CLE,0.0,0.0,243
2576237,Thomas Rawls,RB,None,0.0,0.0,190
14193,Jacquizz Rodgers,RB,None,0.0,0.0,191
3122430,Chris Lacy,WR,DET,7.5,4.44,168
3052413,Matthew McCrane,K,PIT,0.0,0.0,52
3045264,Troy Fumagalli,TE,DEN,12.8,0.93,81
16366,Zach Line,RB,NO,8.6,0.0,116
3924318,Emanuel Hall,WR,WSH,0.0,0.0,244
3916564,Tyree Jackson,QB,BUF,0.0,0.0,82
15878,Terrance Williams,WR,None,0.0,0.0,245
3120659,Daurice Fountain,WR,IND,0.0,0.0,246
4040792,Jaleel Scott,WR,BAL,1.1,3.86,211
14879,Brock Osweiler,QB,None,0.0,0.0,83
3122818,Tommy Sweeney,TE,BUF,15.4,4.86,76
15918,Caleb Sturgis,K,None,0.0,0.0,53
11238,Darren McFadden,RB,None,0.0,0.0,192
3917668,Alec Ingold,RB,OAK,15.1,1.17,100
3123074,Tyre Brady,WR,JAX,0.0,0.0,247
17348,Xavier Grimble,TE,IND,0.8,0.0,116
3046320,Marcell Ateman,WR,OAK,12.1,0.21,156
3139522,Travis Fulgham,WR,DET,0.0,3.41,248
9530,John Kuhn,RB,None,0.0,0.0,193
2577243,Cody Kessler,QB,NE,0.0,0.0,84
2576165,Josh Ferguson,RB,WSH,0.9,0.0,147
15837,Mike Glennon,QB,OAK,4.24,0.0,59
3052897,Durham Smythe,TE,MIA,10.0,3.24,88
3119471,Emmanuel Butler,WR,NO,0.0,0.0,249
14007,Lance Kendricks,TE,LAC,6.5,0.0,92
4039253,Trevon Wesco,TE,NYJ,5.9,2.18,94
3886636,Alex Barnes,RB,TEN,0.0,0.0,194
3843217,Chandler Cox,RB,MIA,0.0,0.0,195
16969,Kapri Bibbs,RB,GB,0.0,0.0,196
2570987,Braxton Miller,WR,None,0.0,0.0,250
2977881,Paxton Lynch,QB,PIT,0.0,0.05,85
12699,Zach Miller,TE,None,0.0,0.0,128
14100,Dwayne Harris,WR,OAK,1.2,0.0,210
15952,Mike Gillislee,RB,None,0.0,0.0,197
4036335,Cedrick Wilson,WR,DAL,7.1,0.0,169
12597,Brandon Tate,WR,None,0.0,0.0,251
11247,Jonathan Stewart,RB,None,0.0,0.0,198
3047876,KhaDarel Hodge,WR,CLE,9.6,2.35,163
9635,Kellen Clemens,QB,None,0.0,0.0,86
3039968,Ishmael Hyman,WR,TB,4.4,1.66,183
3056906,Johnny Holton,WR,PIT,4.5,0.0,182
4037235,Greg Dortch,WR,CAR,-2.0,0.06,408
15653,Jamize Olawale,RB,DAL,0.0,0.0,199
16943,Tom Savage,QB,None,0.0,0.0,87
16976,Chandler Catanzaro,K,None,0.0,0.0,54
3059766,Deon Yelder,TE,KC,6.5,0.0,93
15980,Levine Toilolo,TE,SF,2.0,0.0,104
2971830,JoJo Natson,WR,LAR,0.0,0.0,252
4212884,Alex Armah,RB,CAR,8.7,0.13,114
3893609,Andrew Franks,K,None,0.0,0.0,55
16684,Patrick Murray,K,None,0.0,0.0,56
3915230,C.J. Conrad,TE,NYG,0.0,0.0,129
3116132,Garrett Dickerson,TE,NYG,0.0,0.0,130
4329471,J.J. Jones,WR,None,0.0,0.0,253
2576643,Eli Rogers,WR,None,0.0,0.0,254
3115314,Cam Sims,WR,WSH,3.7,5.04,190
4049301,Anthony Johnson,WR,TB,0.0,0.0,255
2515962,DeAndrew White,WR,CAR,7.1,3.3,170
13271,Eric Decker,WR,None,0.0,0.0,256
11387,Matthew Slater,WR,NE,6.0,0.0,173
2974339,Austin Carr,WR,NO,1.4,0.0,209
2575408,Rob Kelley,RB,None,0.0,0.0,200
3066052,Chad Williams,WR,IND,0.0,0.0,257
2971728,Nick Rose,K,LAC,0.0,0.0,57
16809,Garrett Gilbert,QB,CLE,-0.3,0.07,128
15403,Derek Carrier,TE,OAK,26.0,2.53,55
12579,Jeremy Maclin,WR,None,0.0,0.0,258
14167,Taiwan Jones,RB,HOU,5.4,6.51,125
3928461,De'Lance Turner,RB,MIA,0.6,1.78,151
3052182,Damore'ea Stringfellow,WR,None,0.0,0.0,259
3087801,Nick Fitzgerald,QB,None,0.0,0.0,88
17391,Scott Simonson,TE,NYG,2.1,0.0,103
3047504,Andre Patton,WR,LAC,8.6,1.76,164
14909,Kendall Wright,WR,None,0.0,0.0,260
16055,Benny Cunningham,RB,None,0.0,0.0,201
3884368,James Williams,RB,DET,0.0,0.0,202
11291,Chad Henne,QB,KC,0.0,0.0,89
17284,Charcandrick West,RB,None,0.0,0.0,203
15555,Josh Bellamy,WR,NYJ,3.0,0.0,197
11737,Connor Barth,K,None,0.0,0.0,58
13987,Blaine Gabbert,QB,TB,0.0,0.0,90
11295,Martellus Bennett,TE,None,0.0,0.0,131
15284,Bradley Sowell,TE,CHI,0.0,0.0,132
12556,Kenny Britt,WR,None,0.0,0.0,261
14332,Patrick DiMarco,RB,BUF,7.3,1.08,121
3134302,Jordan Lasley,WR,None,0.0,0.0,262
2972092,Kyle Sloter,QB,DET,0.0,0.06,91
2577808,Darius Jennings,WR,TEN,2.7,1.1,201
3052449,Dalyn Dawkins,RB,TEN,2.6,0.0,134
11658,Mike Tolbert,RB,None,0.0,0.0,204
3932935,Deontay Burnett,WR,PHI,5.8,1.13,174
10487,Drew Stanton,QB,CLE,0.0,0.0,92
2512593,Clive Walford,TE,MIA,8.1,0.0,91
14901,Dwayne Allen,TE,None,0.0,0.0,133
11394,Josh Johnson,QB,DET,0.0,0.88,93
3915486,Tyler Conklin,TE,MIN,9.8,2.78,89
2586703,Tevin Jones,WR,PIT,8.1,0.0,165
2513199,Algernon Brown,RB,None,0.0,0.0,205
17223,Roosevelt Nix,RB,PIT,1.4,0.0,138
3121409,Noah Brown,WR,DAL,0.0,0.0,263
15204,Garrett Celek,TE,SF,0.0,0.0,134
3052735,Lucky Whitehead,WR,None,0.0,0.0,264
12585,Louis Murphy,WR,None,0.0,0.0,265
2577467,Aaron Ripkowski,RB,None,0.0,0.0,206
17331,Orleans Darkwa,RB,None,0.0,0.0,207
3051869,Quincy Adeboyejo,WR,NE,0.0,0.0,266
15755,Fozzy Whittaker,RB,None,0.0,0.0,208
4294520,Brandon Zylstra,WR,CAR,14.6,1.88,148
16946,Bruce Ellington,WR,None,0.0,0.0,267
8644,Matt Cassel,QB,None,0.0,0.0,94
3046705,Tyrone Swoopes,TE,SEA,1.0,0.0,112
2980378,Cody Core,WR,NYG,4.3,0.0,184
3049872,Kyle Lauletta,QB,PHI,0.0,0.0,95
3936647,Ross Travis,TE,NYJ,5.1,0.0,96
3932936,Caleb Wilson,TE,WSH,0.0,0.0,135
2511973,Eric Tomlinson,TE,OAK,0.6,0.0,117
15896,Brice Butler,WR,None,0.0,0.0,268
17421,Senorise Perry,RB,BUF,0.9,7.42,148
2980105,Matt Jones,RB,None,0.0,0.0,209
2978124,D.J. Foster,RB,ARI,0.0,0.0,210
3040561,Carlos Henderson,WR,WSH,0.0,0.0,269
2977629,Amara Darboh,WR,PIT,0.0,0.0,270
2576868,Maurice Harris,WR,NE,0.0,0.0,271
10605,Brent Celek,TE,None,0.0,0.0,136
3929855,Chris Warren,RB,None,0.0,0.0,211
3040470,Cethan Carter,RB,CIN,8.3,0.78,119
3045380,Bobo Wilson,WR,TB,3.0,6.56,198
3054860,ArDarius Stewart,WR,WSH,0.0,0.0,272
2517676,Brandon Doughty,QB,None,0.0,0.0,96
16821,David Fales,QB,NYJ,0.0,0.06,97
16749,Charles Sims,RB,None,0.0,0.0,212
2515934,Corey Grant,RB,None,0.0,0.0,213
3121583,Roc Thomas,RB,JAX,0.0,0.0,214
14908,Michael Floyd,WR,None,0.0,0.0,273
2976299,Cardale Jones,QB,None,0.0,0.0,98
14878,Brandon Weeden,QB,None,0.0,0.0,99
15693,Alex Tanney,QB,NYG,0.04,0.0,65
3057986,Christian Hackenberg,QB,None,0.0,0.0,100
2579846,Ben Koyack,TE,JAX,1.4,0.47,108
2971397,Fred Brown,WR,DEN,3.1,0.01,196
4048717,Rico Gafford,WR,OAK,13.6,0.22,150
3915174,Terry Godwin,WR,None,0.0,0.0,274
14017,Shane Vereen,RB,None,0.0,0.0,215
3116690,Elijah Hood,RB,JAX,0.0,0.0,216
2980197,Darius Jackson,RB,IND,0.0,0.0,217
15803,EJ Manuel,QB,None,0.0,0.0,101
3059945,Michael Roberts,TE,MIA,0.0,0.0,137
3127586,Jeremy McNichols,RB,JAX,0.0,0.34,218
2980460,Gehrig Dieter,WR,KC,0.0,0.0,275
17465,Fitzgerald Toussaint,RB,None,0.0,0.0,219
3042945,Don Jackson,RB,None,0.0,0.0,220
3047519,Donnel Pumphrey,RB,None,0.0,0.0,221
3912576,Joe Williams,RB,None,0.0,0.0,222
2508256,MyCole Pruitt,TE,TEN,18.0,1.76,71
16786,Richard Rodgers,TE,PHI,0.0,1.12,138
3052096,Johnny Mundt,TE,LAR,4.6,0.0,97
3915296,Michael Walker,WR,JAX,-1.5,0.0,405
3052576,Dylan Cantrell,WR,LAC,0.0,0.0,276
2981212,Shane Smith,RB,None,0.0,0.0,223
4035014,Isaac Nauta,RB,DET,2.3,1.14,136
2978727,Jerell Adams,TE,HOU,0.0,0.0,139
14028,Stevan Ridley,RB,None,0.0,0.0,224
2574549,Sammie Coates Jr.,WR,None,0.0,0.0,277
3052143,Khalfani Muhammad,RB,DEN,0.0,0.0,225
2974317,Andy Janovich,RB,DEN,12.8,0.0,104
2968226,De'Angelo Henderson,RB,None,0.0,0.0,226
3122143,Cullen Gillaspia,RB,HOU,0.0,0.0,227
14471,Nick Bellore,RB,SEA,9.3,0.39,113
14204,Julius Thomas,TE,None,0.0,0.0,140
2971281,Pharaoh Brown,TE,CLE,3.7,0.0,98
3047558,Thomas Duarte,TE,None,0.0,0.0,141
3915575,Kelvin McKnight,WR,DEN,0.0,0.0,278
3139456,Cameron Batson,WR,TEN,0.0,0.0,279
2576408,Akeem Hunt,RB,None,0.0,0.0,228
14164,Aldrick Robinson,WR,None,0.0,0.0,280
14037,Ryan Mallett,QB,None,0.0,0.0,102
3948283,Stephen Carlson,TE,CLE,13.6,1.41,78
3125107,Andrew Beck,TE,DEN,20.04,1.51,67
3932433,Alize Mack,TE,PIT,0.0,0.0,142
3043263,Jaelen Strong,WR,None,0.0,0.0,281
16024,Kerwynn Williams,RB,None,0.0,0.0,229
3056577,Da'Mari Scott,WR,NYG,3.7,0.63,191
2514123,Marcus Murphy,RB,CAR,0.0,0.0,230
15904,Landry Jones,QB,None,0.0,0.0,103
3051381,Mike White,QB,DAL,0.0,0.0,104
3128843,Alex McGough,QB,HOU,0.0,0.0,105
14215,Lee Smith,TE,BUF,11.1,0.82,86
2972240,Jason Croom,TE,BUF,0.0,0.0,143
2531358,Chris Manhertz,TE,CAR,1.6,0.0,106
4249496,Alexander Hollins,WR,MIN,5.6,4.9,175
16783,Terrance West,RB,None,0.0,0.0,231
2515416,Jeremy Langford,RB,ATL,0.0,0.0,232
15973,Tommy Bohanon,RB,None,0.0,0.0,233
2982761,Andy Jones,WR,MIA,0.0,0.0,282
17315,Keith Smith,RB,ATL,2.6,0.12,135
14353,Scott Tolzien,QB,None,0.0,0.0,106
3042749,Logan Woodside,QB,TEN,0.0,0.0,107
2565969,Taylor Heinicke,QB,None,0.0,0.0,108
2576854,Stephen Anderson,TE,LAC,0.0,0.0,144
2513030,Geremy Davis,WR,LAC,5.3,0.0,177
3115349,Jakob Johnson,RB,NE,1.0,0.0,144
3040146,Akrum Wadley,RB,None,0.0,0.0,234
2978244,Ricky Ortiz,RB,NO,1.3,1.37,139
17127,Brandon Coleman,WR,None,0.0,0.0,283
2577245,Tre Madden,RB,None,0.0,0.0,235
3125745,Roger Lewis,WR,IND,0.0,0.0,284
2512191,Mack Brown,RB,None,0.0,0.0,236
14114,T.J. Yates,QB,None,0.0,0.0,109
2466005,Bryce Petty,QB,None,0.0,0.0,110
3722362,Brett Rypien,QB,DEN,0.0,0.0,111
2576261,Connor Cook,QB,None,0.0,0.0,112
2582424,Jake Rudock,QB,MIA,0.0,0.0,113
2510611,Randall Telfer,TE,None,0.0,0.0,145
2972331,Mason Schreck,TE,CIN,0.0,0.0,146
2971023,Ricardo Louis,WR,MIA,0.0,0.0,285
15855,Christine Michael,RB,None,0.0,0.0,237
14151,Jeremy Kerley,WR,None,0.0,0.0,286
12570,Darrius Heyward-Bey,WR,None,0.0,0.0,287
3115330,Josh Malone,WR,NYJ,0.0,0.0,288
15873,Markus Wheaton,WR,None,0.0,0.0,289
2971289,Byron Marshall,RB,None,0.0,0.0,238
3078660,Joe Callahan,QB,None,0.0,0.0,114
3052450,Danny Etling,QB,ATL,0.0,0.0,115
14900,Coby Fleener,TE,None,0.0,0.0,147
2971426,Sean Culkin,TE,LAC,1.7,0.0,105
16766,C.J. Fiedorowicz,TE,None,0.0,0.0,148
3126263,Charles Jones,TE,JAX,1.0,0.0,113
15775,Ifeanyi Momah,TE,None,0.0,0.0,149
2975863,Eric Saubert,TE,CHI,3.1,0.89,101
14403,Andre Holmes,WR,DEN,0.0,0.0,290
3117131,Detrez Newsome,RB,None,0.0,0.0,239
2982804,Leonte Carroo,WR,None,0.0,0.0,291
3046399,Marcus Kemp,WR,KC,0.0,0.0,292
17452,Branden Oliver,RB,None,0.0,0.0,240
15503,Deonte Thompson,WR,None,0.0,0.0,293
13484,Joe Webb III,WR,HOU,0.0,0.0,294
2985288,Marquez Williams,RB,None,0.0,0.0,241
3125232,Nick Bawden,RB,DET,3.7,0.0,129
3040143,LeShun Daniels Jr.,RB,None,0.0,0.0,242
3042417,Shelton Gibson,WR,PHI,0.0,0.0,295
13228,Jermaine Gresham,TE,None,0.0,0.0,150
17382,Marcus Lucas,TE,DAL,0.0,0.0,151
3925348,Hale Hentges,TE,WSH,20.3,3.17,66
3045118,Jordan Leggett,TE,TB,0.0,0.0,152
13726,Logan Paulsen,TE,HOU,0.0,0.0,153
12550,John Phillips,TE,None,0.0,0.0,154
17091,Erik Swoope,TE,None,0.0,0.0,155
3917546,Penny Hart,WR,IND,0.0,0.0,296
3043120,Kelvin Taylor,RB,None,0.0,0.0,243
16994,David Fluellen,RB,TEN,0.0,0.0,244
3051711,Matt Dayes,RB,None,0.0,0.0,245
3119317,Nsimba Webster,WR,LAR,0.0,0.0,297
4038938,Dillon Mitchell,WR,MIN,0.0,0.0,298
15369,Lance Dunbar,RB,None,0.0,0.0,246
3048680,Taquan Mizzell,WR,CHI,0.0,0.0,299
3115366,Malachi Dupre,WR,LAC,0.0,0.0,300
3052056,River Cracraft,WR,PHI,0.0,0.0,301
2575660,Garrett Grayson,QB,DEN,0.0,0.0,116
2575910,Trevone Boykin,QB,None,0.0,0.0,117
16252,Tyler Bray,QB,CHI,0.0,0.0,118
3045466,Bucky Hodges,TE,NYJ,0.0,0.0,156
2970038,David Grinnage,TE,None,0.0,0.0,157
15257,Phillip Supernaw,TE,None,0.0,0.0,158
3052166,Darrell Daniels,TE,ARI,0.9,0.0,115
2990959,Rico Gathers,TE,None,0.0,0.0,159
3048924,David Williams,RB,DEN,0.0,0.0,247
3043225,Steven Mitchell Jr.,WR,HOU,4.7,6.36,181
3115255,Brandon Powell,WR,ATL,0.0,0.0,302
4217370,Cyril Grayson,WR,TB,0.8,5.29,213
3066074,Chad Hansen,WR,HOU,0.0,0.0,303
3123048,Brad Kaaya,QB,CIN,0.0,0.0,119
8627,Derek Anderson,QB,None,0.0,0.0,120
2577123,Devon Cajuste,TE,None,0.0,0.0,160
2513770,Neal Sterling,TE,KC,0.0,0.0,161
13555,Jeff Cumberland,TE,None,0.0,0.0,162
4411192,Brandon Dillon,TE,MIN,0.0,0.0,163
3144999,Henry Krieger-Coble,TE,None,0.0,0.0,164
14156,Niles Paul,TE,None,0.0,0.0,165
3129455,Donnie Ernsberger,TE,None,0.0,0.0,166
3051315,Jahad Thomas,RB,None,0.0,0.0,248
3040137,Derrick Willies,WR,None,0.0,0.0,304
15501,Bobby Rainey Jr.,RB,None,0.0,0.0,249
3049249,Lance Lenoir Jr.,WR,DAL,0.0,0.0,305
3053732,Jordan Chunn,RB,DAL,0.0,0.0,250
2515270,Michael Burton,RB,WSH,0.0,0.0,251
2974212,Jhurell Pressley,RB,None,0.0,0.0,252
2577023,Terron Ward,RB,None,0.0,0.0,253
2970457,Keenan Reynolds,WR,None,0.0,0.0,306
15457,Travaris Cadet,RB,None,0.0,0.0,254
3138760,Ventell Bryant,WR,DAL,8.0,0.0,167
2515662,Jordan Taylor,WR,None,0.0,0.0,307
16345,Nick Williams,WR,None,0.0,0.0,308
4198679,Krishawn Hogan,WR,NO,0.9,0.0,212
2577128,Kevin Hogan,QB,None,0.0,0.0,121
15187,Austin Davis,QB,None,0.0,0.0,122
3052600,Davis Webb,QB,BUF,0.0,0.0,123
3116144,Clayton Thorson,QB,PHI,0.0,0.0,124
15836,Gavin Escobar,TE,None,0.0,0.0,167
3128439,Jordan Franks,TE,CIN,0.0,0.0,168
2580052,David Morgan,TE,MIN,0.0,0.0,169
3046413,A.J. Derby,TE,None,0.0,0.0,170
3894883,Isaac Whitney,WR,HOU,0.0,0.0,309
2979825,Tion Green,RB,None,0.0,0.0,255
2578553,Malcolm Mitchell,WR,None,0.0,0.0,310
3043216,Justin Davis,RB,None,0.0,0.0,256
15885,Charles Johnson,WR,None,0.0,0.0,311
3052470,DeAngelo Yancey,WR,TEN,0.0,0.0,312
3052066,Vince Mayle,TE,None,0.0,0.0,171
2987440,Garrett Griffin,TE,NO,0.0,0.0,172
2512523,Will Tye,TE,None,0.0,0.0,173
15845,Justin Hunter,WR,None,0.0,0.0,313
3139591,Quinton Flowers,RB,None,0.0,0.0,257
4069806,Jason Moore,WR,LAC,5.3,0.0,178
2576952,Nelson Spruce,WR,None,0.0,0.0,314
11318,Harry Douglas,WR,None,0.0,0.0,315
2977667,Zac Brooks,RB,None,0.0,0.0,258
2977631,Jehu Chesson,WR,WSH,0.0,0.0,316
14583,Kamar Aiken,WR,None,0.0,0.0,317
2576873,Daniel Lasco,RB,NO,0.0,0.0,259
2574918,Tommylee Lewis,WR,DET,0.0,0.0,318
2516316,Malcolm Johnson,RB,GB,0.0,0.0,260
3116563,Shaun Wilson,RB,TEN,0.0,0.0,261
3059918,Rodney Adams,WR,IND,0.0,0.0,319
3895789,Quadree Henderson,WR,PIT,0.0,0.0,320
3041097,Tanner Lee,QB,None,0.0,0.0,125
16323,MarQueis Gray,TE,None,0.0,0.0,174
2968204,Cole Hikutini,TE,MIN,0.0,0.0,175
3951441,Codey McElroy,TE,TB,3.5,0.0,100
3050481,Tanner Hudson,TE,TB,3.6,2.35,99
4002672,Moritz Bohringer,TE,CIN,0.0,0.0,176
2580330,Temarrick Hemingway,TE,CAR,0.0,0.0,177
16797,Troy Niklas,TE,None,0.0,0.0,178
3915403,Tim White,WR,NYJ,0.0,0.0,321
14285,Chris Matthews,WR,None,0.0,0.0,322
16832,Michael Campanaro,WR,None,0.0,0.0,323
16889,Andre Williams,RB,None,0.0,0.0,262
2581598,Terrell Watson,RB,None,0.0,0.0,263
2973052,Daniel Braverman,WR,None,0.0,0.0,324
2971435,Russell Hansbrough,RB,WSH,0.0,0.0,264
3045375,Freddie Stevenson,RB,None,0.0,0.0,265
3066147,Jawill Davis,WR,GB,0.0,0.0,325
2978201,Kenny Lawler,WR,None,0.0,0.0,326
16836,Jared Abbrederis,WR,None,0.0,0.0,327
3043841,Tanner Gentry,WR,None,0.0,0.0,328
14914,Brian Quick,WR,None,0.0,0.0,329
15351,Derrick Coleman,RB,None,0.0,0.0,266
2577692,Brandon Wilds,RB,SF,0.0,0.0,267
3051923,Stacy Coley,WR,None,0.0,0.0,330
3043144,Brendan Langley,WR,None,0.0,0.0,331
2470916,Matt Lengel,TE,IND,0.0,0.0,179
4081127,Antony Auclair,TE,TB,1.6,0.0,107
2476373,Jerome Cunningham,TE,WSH,0.0,0.0,180
2567213,Hakeem Valles,TE,None,0.0,0.0,181
15515,Sean McGrath,TE,None,0.0,0.0,182
2576449,Austin Traylor,TE,DET,0.0,0.0,183
2577731,Alex Ellis,TE,PHI,0.0,0.0,184
15983,Cobi Hamilton,WR,None,0.0,0.0,332
2973626,C.J. Board,WR,JAX,4.1,0.0,187
2576498,Charone Peake,WR,JAX,0.0,0.0,333
3918026,Devante Mays,RB,JAX,0.0,0.0,268
3115443,Cody Hollister,WR,TEN,2.3,1.78,204
2576785,Rashad Greene,WR,None,0.0,0.0,334
4043161,Antoine Wesley,WR,BAL,0.0,0.0,335
3124079,Cam Phillips,WR,None,0.0,0.0,336
3128362,Ishmael Zamora,WR,None,0.0,0.0,337
2575553,Kenneth Farrow,RB,None,0.0,0.0,269
15911,Tavarres King,WR,None,0.0,0.0,338
3122935,Travis Rudolph,WR,None,0.0,0.0,339
2975817,Paul McRoberts,WR,None,0.0,0.0,340
2977874,Mose Frazier,WR,CAR,0.0,0.0,341
3126075,Spencer Schnell,WR,TB,0.0,0.0,342
3040026,Demarcus Ayers,WR,None,0.0,0.0,343
17205,Freddie Martino,WR,None,0.0,0.0,344
2982809,Carlton Agudosi,WR,None,0.0,0.0,345
2575416,Xavier Rush,WR,None,0.0,0.0,346
15564,Brittan Golden,WR,None,0.0,0.0,347
3116680,Austin Proehl,WR,None,0.0,0.0,348
3886841,Tony Brooks-James,RB,MIN,0.7,0.52,150
2980061,Keon Hatcher,WR,GB,0.0,0.0,349
3056476,Victor Bolden Jr.,WR,DET,0.0,0.0,350
14902,Orson Charles,TE,DEN,0.0,0.0,185
15974,Dion Sims,TE,None,0.0,0.0,186
2971280,Evan Baylis,TE,GB,0.0,0.0,187
3047488,Matt Flanagan,TE,WSH,0.0,0.0,188
3057863,Jason Vander Laan,TE,NO,0.0,0.0,189
14906,James Hanna,TE,None,0.0,0.0,190
2468368,Gabe Holmes,TE,None,0.0,0.0,191
3051400,Jalin Marshall,WR,None,0.0,0.0,351
2971544,Kolby Listenbee,WR,None,0.0,0.0,352
2578394,Kasen Williams,WR,None,0.0,0.0,353
3045472,Sam Rogers,RB,None,0.0,0.0,270
2574545,Quan Bray,WR,None,0.0,0.0,354
10770,Eric Weems,WR,None,0.0,0.0,355
2474890,Mitch Mathews,WR,None,0.0,0.0,356
13218,Arrelious Benn,WR,None,0.0,0.0,357
15360,Griff Whalen,WR,None,0.0,0.0,358
2511952,Jordan Leslie,WR,None,0.0,0.0,359
2579623,Rashawn Scott,WR,None,0.0,0.0,360
2577684,Tanner McEvoy,WR,None,0.0,0.0,361
2971062,Keith Marshall,RB,None,0.0,0.0,271
4421446,Craig Reynolds,RB,ATL,0.0,0.0,272
2978219,Bryce Treggs,WR,None,0.0,0.0,362
3044716,Marquez North,WR,None,0.0,0.0,363
3052662,Keith Ford,RB,GB,0.0,0.0,273
3054970,Chris Thompson,WR,SF,0.0,0.0,364
4329491,Jalen Tolliver,WR,KC,0.0,0.0,365
16313,Brandon Williams,TE,None,0.0,0.0,192
3125253,Braedon Bowman,TE,None,0.0,0.0,193
2982151,Cole Wick,TE,TEN,0.0,0.0,194
2981998,Bryce Williams,TE,None,0.0,0.0,195
14426,Kyle Nelson,TE,SF,0.0,0,196
2586700,Alan Cross,TE,None,0.0,0.0,197
3116384,Carson Meier,TE,ATL,0.0,0.0,198
17169,Ryan Hewitt,TE,None,0.0,0.0,199
2508328,Brian Parker,TE,NO,0.0,1.72,200
3122839,Artavis Scott,WR,IND,0.0,0.0,366
2971588,Jordan Payton,WR,None,0.0,0.0,367
3125354,Hunter Sharp,WR,None,0.0,0.0,368
3932430,Jalen Guyton,WR,LAC,0.0,0.0,369
16875,Jay Prosch,RB,None,0.0,0.0,274
16960,Jeff Janis,WR,None,0.0,0.0,370
2577190,Devin Lucien,WR,None,0.0,0.0,371
3933497,Wendall Williams,WR,None,0.0,0.0,372
3126997,Tom Kennedy,WR,DET,0.0,9.13,373
3124964,Marcus Green,WR,PHI,0.0,0.0,374
2971574,Devin Lewis Fuller,WR,None,0.0,0.0,375
2516957,Kaelin Clay,WR,None,0.0,0.0,376
17032,Bernard Reedy,WR,None,0.0,0.0,377
3123857,Austin Walter,RB,NYG,0.0,0,275
3128251,Simmie Cobbs Jr.,WR,None,0.0,0.0,378
2575381,Keyarris Garrett,WR,None,0.0,0.0,379
2577645,Bradley Marquez,WR,None,0.0,0.0,380
3966261,Anthony Dable,WR,None,0.0,0.0,381
3933568,Davion Davis,WR,MIN,0.0,0.0,382
3045164,Jester Weah,WR,WSH,0.0,1.24,383
3144062,Khari Lee,TE,None,0.0,0.0,201
3134314,Austin Roberts,TE,LAC,0.0,0.0,202
3039705,Beau Sandland,TE,None,0.0,0.0,203
3122103,Kendall Blanton,TE,LAR,0.0,0.0,204
16870,Matt Hazel,WR,None,0.0,0.0,384
2988624,Riley McCarron,WR,None,0.0,0.0,385
2577286,Paul Turner,WR,None,0.0,0.0,386
2515931,Jalston Fowler,RB,None,0.0,0.0,276
3929118,Jeff Smith,WR,NYJ,1.7,0.0,206
3931391,Trenton Irwin,WR,CIN,0.0,0,387
3931763,Michael Clark,WR,None,0.0,0.0,388
3051650,Darvin Kidsy,WR,WSH,0.0,3.13,389
16566,Rashad Ross,WR,None,0.0,0.0,390
2980238,Alonzo Russell,WR,None,0.0,0.0,391
2974590,Ed Eagan,WR,None,0.0,0.0,392
2591718,Marken Michel,WR,PHI,0.0,0.0,393
3060950,Jace Billingsley,WR,None,0.0,0.0,394
2978308,Jaydon Mickens,WR,TB,0.0,2.28,395
2566041,Tre McBride,WR,None,0.0,0.0,396
3049329,Rashard Davis,WR,TEN,2.1,0,205
16922,James Wright,WR,None,0.0,0.0,397
15391,Rod Streater,WR,None,0.0,0.0,398
2578446,Dom Williams,WR,None,0.0,0.0,399
2978216,Darius Powe,WR,None,0.0,0.0,400
15547,Brenton Bersin,WR,None,0.0,0.0,401
2979533,Aaron Burbridge,WR,None,0.0,0.0,402
3047490,Janarion Grant,WR,None,0.0,0.0,403
3039794,James Looney,TE,GB,0.0,0.0,205
